{
    "airports": [{
        "name": "Chennai Internationl Airport",
        "city": "Chennai",
        "country": "India",
        "iata_code": "MAA"
      },
      {
        "name": "Chicago Ohare Intl",
        "city": "Chicago",
        "country": "United States",
        "iata_code": "ORD"
      },
      {
        "name": "Capital Intl",
        "city": "Beijing",
        "country": "China",
        "iata_code": "PEK"
      },
      {
        "name": "Heathrow",
        "city": "London",
        "country": "United Kingdom",
        "iata_code": "LHR"
      },
      {
        "name": "Charles De Gaulle",
        "city": "Paris",
        "country": "France",
        "iata_code": "CDG"
      },
      {
        "name": "Los Angeles Intl",
        "city": "Los Angeles",
        "country": "United States",
        "iata_code": "LAX"
      },
      {
        "name": "Frankfurt Main",
        "city": "Frankfurt",
        "country": "Germany",
        "iata_code": "FRA"
      },
      {
        "name": "Dallas Fort Worth Intl",
        "city": "Dallas-Fort Worth",
        "country": "United States",
        "iata_code": "DFW"
      }],
      "availableFlights": [{
        "flightNumber": "#AIR121",
        "airlinesName": "Air India",
        "source": "Chennai",
        "destination": "London",
        "source_iata_code": "MAA",
        "destination_iata_code": "LHR",
        "depatureTime": "19:20",
        "arrivalTime": "22:20",
        "depatureDate": "2021-11-17",
        "stops": 2,
        "duraion": "3hrs",
        "price": "Rs.24000.00"
      },
      {
        "flightNumber": "#AIR888",
        "airlinesName": "Air China",
        "source": "Chennai",
        "destination": "Beijing",
        "source_iata_code": "MAA",
        "destination_iata_code": "PEK",
        "depatureTime": "13:20",
        "arrivalTime": "17:20",
        "stops": 2,
        "depatureDate": "2021-11-17",
        "duraion": "4hrs",
        "price": "Rs.8000.00"
      },
      {
        "flightNumber": "#AIR456",
        "airlinesName": "Indigo",
        "source": "Chennai",
        "destination": "London",
        "source_iata_code": "MAA",
        "destination_iata_code": "LHR",
        "depatureTime": "21:20",
        "arrivalTime": "22:20",
        "depatureDate": "2021-11-17",
        "stops": 0,
        "duraion": "1hrs",
        "price": "Rs.76666.00",
        "returnDate": "2021-11-25"
      },
      {
        "flightNumber": "#AIR456",
        "airlinesName": "Indigo",
        "source": "Chennai",
        "destination": "London",
        "source_iata_code": "MAA",
        "destination_iata_code": "LHR",
        "depatureTime": "21:20",
        "arrivalTime": "22:20",
        "depatureDate": "2021-11-17",
        "stops": 0,
        "duraion": "1hrs",
        "price": "Rs.3500.00",
        "returnDate": "2021-11-25"
      },
      {
        "flightNumber": "#AIR456",
        "airlinesName": "Indigo",
        "source": "Chennai",
        "destination": "London",
        "source_iata_code": "MAA",
        "destination_iata_code": "LHR",
        "depatureTime": "21:20",
        "arrivalTime": "22:20",
        "depatureDate": "2021-11-17",
        "stops": 4,
        "duraion": "7hrs",
        "price": "Rs.2000.00",
        "returnDate": "2021-11-25"
      },
      {
        "flightNumber": "#AIR456",
        "airlinesName": "Indigo",
        "source": "Chennai",
        "destination": "SriLankan",
        "source_iata_code": "MAA",
        "destination_iata_code": "LHR",
        "depatureTime": "21:20",
        "arrivalTime": "22:20",
        "depatureDate": "2021-11-17",
        "stops": 0,
        "duraion": "7hrs",
        "price": "Rs.4000.00",
        "returnDate": "2021-11-25"
      },
      {
        "flightNumber": "#AIR456",
        "airlinesName": "Air India",
        "source": "Chennai",
        "destination": "London",
        "source_iata_code": "MAA",
        "destination_iata_code": "LHR",
        "depatureTime": "21:20",
        "arrivalTime": "22:20",
        "depatureDate": "2021-11-17",
        "stops": 5,
        "duraion": "1hrs",
        "price": "Rs.12000.00",
        "returnDate": "2021-11-25"
      },
      {
        "flightNumber": "#AIR456",
        "airlinesName": "Srilankan",
        "source": "Chennai",
        "destination": "London",
        "source_iata_code": "MAA",
        "destination_iata_code": "LHR",
        "depatureTime": "21:20",
        "arrivalTime": "22:20",
        "depatureDate": "2021-11-17",
        "stops": 0,
        "duraion": "9hrs",
        "price": "Rs.3000.00",
        "returnDate": "2021-11-25"
      },
      {
        "flightNumber": "#AIR456",
        "airlinesName": "Indigo",
        "source": "Chennai",
        "destination": "London",
        "source_iata_code": "MAA",
        "destination_iata_code": "LHR",
        "depatureTime": "21:20",
        "arrivalTime": "22:20",
        "depatureDate": "2021-11-21",
        "stops": 2,
        "duraion": "7hrs",
        "price": "Rs.30000.00",
        "returnDate": "2021-11-25"
      },
      {
        "flightNumber": "#AIR456",
        "airlinesName": "Air India",
        "source": "Chennai",
        "destination": "London",
        "source_iata_code": "MAA",
        "destination_iata_code": "LHR",
        "depatureTime": "21:20",
        "arrivalTime": "22:20",
        "depatureDate": "2021-11-17",
        "stops": 0,
        "duraion": "1hrs",
        "price": "Rs.2000.00",
        "returnDate": "2021-11-25"
      },
      {
        "flightNumber": "#AIR456",
        "airlinesName": "Air India",
        "source": "Chennai",
        "destination": "London",
        "source_iata_code": "MAA",
        "destination_iata_code": "LHR",
        "depatureTime": "21:20",
        "arrivalTime": "22:20",
        "depatureDate": "2021-11-17",
        "stops": 6,
        "duraion": "7hrs",
        "price": "Rs.2000.00",
        "returnDate": "2021-11-25"
      },
      {
        "flightNumber": "#AIR456",
        "airlinesName": "Air Asia",
        "source": "Chennai",
        "destination": "London",
        "source_iata_code": "MAA",
        "destination_iata_code": "LHR",
        "depatureTime": "21:20",
        "arrivalTime": "22:20",
        "depatureDate": "2021-11-17",
        "stops": 10,
        "duraion": "6hrs",
        "price": "Rs.2000.00",
        "returnDate": "2021-11-25"
      },
      {
        "flightNumber": "#AIR456",
        "airlinesName": "Emirates",
        "source": "Chennai",
        "destination": "London",
        "source_iata_code": "MAA",
        "destination_iata_code": "LHR",
        "depatureTime": "01:20",
        "arrivalTime": "02:20",
        "depatureDate": "2021-11-17",
        "stops": 22,
        "duraion": "6hrs",
        "price": "Rs.40000.00",
        "returnDate": "2021-11-25"
      }
    ]
}